{
    "epoch": [
        1,
        2,
        3,
        4,
        5,
        6,
        7,
        8,
        9,
        10,
        11,
        12,
        13,
        14,
        15,
        16,
        17,
        18,
        19,
        20,
        21,
        22,
        23,
        24,
        25,
        26,
        27,
        28,
        29,
        30,
        31,
        32,
        33,
        34,
        35,
        36,
        37,
        38,
        39,
        40
    ],
    "train": {
        "clean": [
            33.203125,
            33.69140625,
            37.98828125,
            40.234375,
            44.82421875,
            44.82421875,
            46.97265625,
            46.484375,
            48.53515625,
            48.33984375,
            51.171875,
            49.90234375,
            50.1953125,
            50.29296875,
            51.85546875,
            53.22265625,
            52.5390625,
            52.34375,
            52.83203125,
            52.63671875,
            52.9296875,
            54.8828125,
            54.58984375,
            54.00390625,
            54.00390625,
            54.78515625,
            57.12890625,
            55.56640625,
            56.0546875,
            57.2265625,
            56.8359375,
            58.30078125,
            57.71484375,
            57.71484375,
            56.93359375,
            57.421875,
            57.8125,
            58.49609375,
            57.6171875,
            60.44921875
        ],
        "linf": [
            32.2265625,
            34.5703125,
            38.671875,
            39.94140625,
            43.84765625,
            46.09375,
            46.09375,
            46.2890625,
            48.2421875,
            49.31640625,
            51.7578125,
            50.390625,
            49.4140625,
            49.31640625,
            52.05078125,
            52.44140625,
            51.85546875,
            52.44140625,
            52.05078125,
            52.5390625,
            53.41796875,
            55.17578125,
            54.19921875,
            53.90625,
            53.41796875,
            54.19921875,
            57.12890625,
            55.37109375,
            55.2734375,
            57.32421875,
            55.2734375,
            57.2265625,
            58.59375,
            57.71484375,
            56.8359375,
            57.6171875,
            56.8359375,
            57.8125,
            56.4453125,
            59.5703125
        ],
        "l2": [
            33.203125,
            33.88671875,
            36.62109375,
            37.40234375,
            44.23828125,
            44.921875,
            45.01953125,
            45.1171875,
            46.875,
            47.55859375,
            49.4140625,
            48.046875,
            51.3671875,
            47.65625,
            50.87890625,
            53.125,
            49.21875,
            50.9765625,
            52.24609375,
            52.05078125,
            51.3671875,
            53.3203125,
            52.24609375,
            52.734375,
            54.39453125,
            52.9296875,
            55.56640625,
            53.90625,
            54.296875,
            55.95703125,
            55.2734375,
            54.6875,
            56.640625,
            55.6640625,
            55.95703125,
            56.54296875,
            55.17578125,
            55.37109375,
            55.76171875,
            56.4453125
        ]
    },
    "val": {
        "clean": [
            33.984375,
            36.71875,
            40.13671875,
            40.33203125,
            44.43359375,
            46.77734375,
            48.4375,
            46.484375,
            47.65625,
            47.16796875,
            49.12109375,
            50.68359375,
            48.6328125,
            48.046875,
            48.73046875,
            50.09765625,
            48.6328125,
            49.51171875,
            51.66015625,
            50.390625,
            52.9296875,
            52.44140625,
            51.3671875,
            51.07421875,
            50.48828125,
            51.46484375,
            51.953125,
            51.953125,
            53.125,
            52.44140625,
            53.7109375,
            50.09765625,
            52.5390625,
            52.5390625,
            54.58984375,
            53.7109375,
            51.66015625,
            52.63671875,
            52.83203125,
            53.125
        ],
        "linf": [
            33.59375,
            36.62109375,
            38.28125,
            37.79296875,
            43.9453125,
            45.5078125,
            48.2421875,
            46.875,
            46.58203125,
            47.16796875,
            48.6328125,
            49.70703125,
            47.55859375,
            46.58203125,
            48.4375,
            51.07421875,
            48.33984375,
            50.390625,
            52.1484375,
            48.2421875,
            52.5390625,
            51.46484375,
            50.87890625,
            51.5625,
            49.51171875,
            50.87890625,
            53.3203125,
            51.5625,
            52.83203125,
            52.63671875,
            53.3203125,
            51.46484375,
            54.296875,
            52.5390625,
            53.3203125,
            52.9296875,
            50.78125,
            53.41796875,
            52.44140625,
            52.63671875
        ],
        "l2": [
            32.6171875,
            34.765625,
            38.671875,
            38.0859375,
            42.48046875,
            43.65234375,
            46.484375,
            46.38671875,
            48.4375,
            45.21484375,
            48.33984375,
            49.609375,
            48.6328125,
            47.265625,
            46.77734375,
            48.92578125,
            48.14453125,
            49.8046875,
            49.8046875,
            48.14453125,
            50.0,
            52.05078125,
            51.46484375,
            49.31640625,
            49.0234375,
            51.953125,
            51.171875,
            51.26953125,
            50.48828125,
            50.09765625,
            53.41796875,
            50.48828125,
            52.1484375,
            51.5625,
            51.66015625,
            53.80859375,
            50.5859375,
            52.24609375,
            52.34375,
            53.125
        ]
    },
    "test": {
        "clean": [
            31.79,
            34.22,
            37.56,
            38.93,
            43.46,
            45.05,
            44.76,
            45.29,
            46.49,
            46.24,
            46.88,
            47.35,
            48.61,
            47.43,
            48.35,
            49.67,
            48.46,
            49.34,
            49.38,
            49.18,
            50.53,
            51.11,
            50.64,
            50.66,
            50.43,
            50.97,
            51.95,
            50.36,
            51.1,
            52.03,
            49.94,
            50.42,
            51.98,
            51.35,
            51.56,
            51.11,
            51.56,
            51.15,
            51.99,
            52.08
        ],